﻿[
    {
        "Id": 1,
        "Username": "Talha Rana",
        "Email": "talharana@gmail.com",
        "Password": "12345",
        "Address": "Sultanpura",
        "Phone": "03218820394",
        "Gender": "Male"
    },
    {
        "Id": 2,
        "Username": "rateeb",
        "Email": "muhammadrate...@gm...",
        "Password": "786",
        "Address": "lahore",
        "Phone": "03104178312",
        "Gender": "Male"
    },
    {
        "Id": 4,
        "Username": "raomaleen2851",
        "Email": "raomaleen285...",
        "Password": "123",
        "Address": "MughalPura",
        "Phone": "03218820287",
        "Gender": "Male"
    },
    {
        "Id": 5,
        "Username": "Bilal",
        "Email": "bilal@gmail.com",
        "Password": "123",
        "Address": "UET KSK",
        "Phone": "03218823734",
        "Gender": "Male"
    }
]