﻿[
    {
        "Id": 1,
        "Username": "admin",
        "Email": "admin@railway.com",
        "Password": "admin123",
        "Address": "Admin Office, UET KSK",
        "Phone": "1234567890",
        "Gender": "Male",
        "IsAdmin": true,
        "CreatedDate": "2024-01-01T00:00:00"
    },
    {
        "Id": 2,
        "Username": "Yashas",
        "Email": "Yashmp@gmail.com",
        "Password": "railu123",
        "Address": "Karnataka",
        "Phone": "03218823734",
        "Gender": "Male",
        "IsAdmin": true,
        "CreatedDate": "2024-05-01T00:00:00"
    }
]